Page path and screen class,Country,Views,Active users,Views per active user,Average engagement time per active user,Event count,Key events,Total revenue
/,China,116,115,1.008695652,1.904347826,424,0,0
/xml-sitemaps/,China,92,21,4.380952381,109.2380952,308,0,0
/,United States,86,65,1.323076923,11.61538462,345,0,0
/,India,75,39,1.923076923,16.46153846,289,0,0
/,United Kingdom,71,47,1.510638298,17.87234043,291,0,0
/xml-sitemaps/,United States,65,23,2.826086957,57.7826087,213,0,0
/crawlytics/e4ea94d17dc647ecabfae169,Tunisia,47,1,47,9,102,0,0
/seo-crawler/,United States,44,35,1.257142857,37.17142857,162,0,0
/,Türkiye,43,12,3.583333333,19.91666667,122,0,0
/seo-crawler/,United Kingdom,37,31,1.193548387,23.41935484,130,0,0
/seo-crawler/,India,30,23,1.304347826,34.39130435,112,0,0
/crawlytics/fc98229d63972022f208e092,Tunisia,28,1,28,82,66,0,0
/python/tutorial/running-python-scripts-uv/,Germany,28,25,1.12,18,108,0,0
/,Germany,27,17,1.588235294,18.47058824,105,0,0
/entity-extraction/,United States,25,24,1.041666667,11.75,110,0,0
/,Switzerland,24,8,3,29.125,83,0,0
/reverse-dns-lookup/,Thailand,24,8,3,58.25,88,0,0
/seo-crawler/,Thailand,24,18,1.333333333,0,66,0,0
/,Brazil,23,11,2.090909091,26.36363636,72,0,0
/bot-ips/,United States,23,23,1,3.043478261,85,0,0
/schema-generator/,Denmark,22,22,1,0,67,0,0
/seo-crawler/,France,22,10,2.2,33.9,81,0,0
/user-agent-parser/,United States,22,12,1.833333333,45.5,92,0,0
/,Croatia,21,10,2.1,12.4,95,0,0
/llm-content-evaluation/,Pakistan,21,5,4.2,121,66,0,0
/,Pakistan,20,11,1.818181818,14.72727273,79,0,0
/reverse-dns-lookup/,India,20,14,1.428571429,25.57142857,91,0,0
/text-analysis/,Italy,20,4,5,97.25,63,0,0
/,Poland,19,9,2.111111111,17.11111111,58,0,0
/reverse-dns-lookup/,United States,19,17,1.117647059,18.52941176,92,0,0
/seo-crawler/,Germany,19,13,1.461538462,49.53846154,78,0,0
/user-agent-parser/,Bangladesh,19,9,2.111111111,131.1111111,74,0,0
/xml-sitemaps/,Vietnam,19,7,2.714285714,113.5714286,65,0,0
/seo-crawler/,Pakistan,18,9,2,51.88888889,51,0,0
/xml-sitemaps/,Pakistan,18,7,2.571428571,110,61,0,0
/xml-sitemaps/,United Kingdom,18,13,1.384615385,40.53846154,61,0,0
/,Mexico,17,7,2.428571429,29.14285714,47,0,0
/,Canada,16,9,1.777777778,115.4444444,70,0,0
/,Italy,16,10,1.6,15.4,58,0,0
/python/tutorial/running-python-scripts-uv/,United States,15,15,1,37.66666667,68,0,0
/seo-crawler/,Switzerland,15,8,1.875,30.375,48,0,0
/urlytics/,United Kingdom,15,13,1.153846154,6.538461538,50,0,0
/xml-sitemaps/,Italy,15,7,2.142857143,44,51,0,0
/xml-sitemaps/,Russia,15,9,1.666666667,47.33333333,56,0,0
/seo-crawler/,Türkiye,14,7,2,30.42857143,47,0,0
/,Netherlands,13,8,1.625,17.125,48,0,0
/python/tutorial/running-python-scripts-uv/,United Kingdom,13,12,1.083333333,30,59,0,0
/xml-sitemaps/,India,13,10,1.3,5,50,0,0
/crawlytics/072e74499ea82f0cead82def,Ukraine,12,1,12,13,35,0,0
/crawlytics/210e58f3514e15859757fac5,Taiwan,12,2,6,309,36,0,0
/crawlytics/f92924ad54b6907dfd5edf63,Ukraine,12,1,12,57,28,0,0
/entity-extraction/,China,12,12,1,14.83333333,42,0,0
/seo-crawler/,Netherlands,12,9,1.333333333,27.55555556,50,0,0
/,Indonesia,11,7,1.571428571,8.285714286,40,0,0
/,Russia,11,8,1.375,10,40,0,0
/crawlytics/2d2b3babd61b7e141aca40a7,Tunisia,11,1,11,32,31,0,0
/crawlytics/897ce71cbfb2de6d4be460d1,Denmark,11,1,11,23,28,0,0
/python/,India,11,8,1.375,15.125,34,0,0
/python/tutorial/running-python-scripts-uv/,France,11,11,1,10.36363636,46,0,0
/reverse-dns-lookup/,Canada,11,4,2.75,104,45,0,0
/seo-crawler/,Sweden,11,7,1.571428571,75.14285714,41,0,0
/xml-sitemaps/,Germany,11,10,1.1,21.3,50,0,0
/xml-sitemaps/,Hong Kong,11,4,2.75,134.75,36,0,0
/xml-sitemaps/,Switzerland,11,3,3.666666667,33.66666667,35,0,0
/about/,Croatia,10,4,2.5,11.75,33,0,0
/audience-manager/,China,10,10,1,0,36,0,0
/crawlytics/1a62feffc3b926a8f6a28a28,Belgium,10,1,10,87,29,0,0
/crawlytics/bccc60104727d0ffd919b9c6,Switzerland,10,1,10,43,30,0,0
/crawlytics/c2e2b76c78d487667be9bd6d,Moldova,10,1,10,71,23,0,0
/entity-extraction/,United Kingdom,10,9,1.111111111,38.44444444,34,0,0
/llm-crawl-eval/,United States,10,10,1,28.3,38,0,0
/schema-generator/,India,10,9,1.111111111,108,32,0,0
/seo-crawler/,Italy,10,4,2.5,59.75,33,0,0
/seo-crawler/,Spain,10,6,1.666666667,22.66666667,34,0,0
/serp/,India,10,6,1.666666667,64.83333333,31,0,0
/,France,9,5,1.8,3,25,0,0
/,Vietnam,9,5,1.8,13.4,32,0,0
/content-similarity/,United States,9,6,1.5,4.833333333,28,0,0
/crawlytics/a2495d2e7178963b3e83ab0f,Philippines,9,1,9,72,28,0,0
/python/,United States,9,9,1,14.55555556,33,0,0
/python/tutorial/start-here/index.html,United States,9,9,1,10.44444444,37,0,0
/reverse-dns-lookup/,Germany,9,6,1.5,12.66666667,32,0,0
/reverse-dns-lookup/,Italy,9,4,2.25,17.75,34,0,0
/seo-crawler/,Brazil,9,7,1.285714286,32.42857143,30,0,0
/seo-crawler/,Canada,9,8,1.125,47.375,37,0,0
/seo-crawler/,Poland,9,6,1.5,34.33333333,27,0,0
/user-agent-parser/,India,9,6,1.5,9.833333333,32,0,0
/xml-sitemaps/,Slovakia,9,3,3,222,35,0,0
/xml-sitemaps/,Türkiye,9,4,2.25,67,28,0,0
/,Denmark,8,3,2.666666667,20,25,0,0
/,Greece,8,4,2,26.25,30,0,0
/,Spain,8,4,2,15.25,29,0,0
/crawlytics/65213e32589b40b2a57a41fb,Netherlands,8,1,8,44,22,0,0
/crawlytics/b85f382e99ba3e9e0046f569,Denmark,8,1,8,49,23,0,0
/crawlytics/eb834176c8312223ec5eb50e,France,8,2,4,120,28,0,0
/crawlytics/fd39681b20e83fb3ae45bcd4,Greece,8,1,8,77,24,0,0
/entity-extraction/,Brazil,8,7,1.142857143,27.57142857,36,0,0
/entity-extraction/,India,8,7,1.142857143,8.142857143,30,0,0
/python/,Switzerland,8,5,1.6,14.6,23,0,0
/python/tutorial/running-python-scripts-uv/,Brazil,8,5,1.6,16.2,30,0,0
/schema-generator/,United States,8,6,1.333333333,18.5,25,0,0
/seo-crawler/,Taiwan,8,2,4,228.5,33,0,0
/serp/,United Kingdom,8,7,1.142857143,16.85714286,26,0,0
/urlytics/,United States,8,6,1.333333333,12,27,0,0
/,Australia,7,7,1,19.42857143,31,0,0
/,Hong Kong,7,4,1.75,2.5,18,0,0
/,Tunisia,7,3,2.333333333,26.66666667,25,0,0
/crawlytics/0faaaa99c2001264233fe1ae,Türkiye,7,2,3.5,50.5,23,0,0
/crawlytics/a85da662a491977049dff11e,Germany,7,1,7,24,19,0,0
/entity-extraction/,Australia,7,4,1.75,26.75,28,0,0
/gsc-dashboard/,India,7,7,1,28.85714286,27,0,0
/gsc-dashboard/,United Kingdom,7,7,1,11.57142857,24,0,0
/gsc-dashboard/,United States,7,6,1.166666667,111.6666667,26,0,0
/llm-crawl-eval/,Netherlands,7,2,3.5,37.5,16,0,0
/python/how-to/,India,7,4,1.75,11.75,24,0,0
/python/tutorial/crawling/,Switzerland,7,2,3.5,307,21,0,0
/python/tutorial/running-python-scripts-uv/,India,7,7,1,41.42857143,33,0,0
/python/tutorial/running-python-scripts-uv/,Italy,7,5,1.4,26.6,25,0,0
/python/tutorial/running-python-scripts-uv/,Netherlands,7,6,1.166666667,39.83333333,27,0,0
/schema-generator/,United Kingdom,7,5,1.4,49.4,20,0,0
/seo-crawler/,Czechia,7,5,1.4,15.2,26,0,0
/seo-crawler/,Philippines,7,5,1.4,49,31,0,0
/serp/,China,7,7,1,0,24,0,0
/user-agent-parser/,United Kingdom,7,7,1,10.42857143,26,0,0
/xml-sitemaps/,Ukraine,7,5,1.4,136.6,28,0,0
/,Ireland,6,6,1,11.66666667,28,0,0
/,Malaysia,6,3,2,44.33333333,21,0,0
/,San Marino,6,2,3,14.5,21,0,0
/,Slovenia,6,4,1.5,48.75,24,0,0
/about/,United States,6,3,2,85,17,0,0
/bot-ips/,United Kingdom,6,6,1,24.83333333,21,0,0
/crawlytics/51dbc516bcc7a18bafcba6fe,United Kingdom,6,2,3,102.5,20,0,0
/crawlytics/88723c060ce8308362ddf521,Italy,6,1,6,23,17,0,0
/crawlytics/91b311f8dcc8242a365d467d,United States,6,1,6,0,9,0,0
/entity-extraction/,Türkiye,6,5,1.2,16.8,22,0,0
/gsc-dashboard/,Croatia,6,3,2,75.66666667,18,0,0
/llm-content-evaluation/,Latvia,6,5,1.2,0,16,0,0
/llm-crawl-eval/,Ireland,6,4,1.5,33.25,18,0,0
/python/tutorial/,India,6,6,1,9,19,0,0
/python/tutorial/advertools-v0.17.0-new-features/,United States,6,6,1,10.16666667,23,0,0
/reverse-dns-lookup/,New Zealand,6,3,2,19.66666667,22,0,0
/reverse-dns-lookup/,United Kingdom,6,5,1.2,7,25,0,0
/seo-crawler/,Bangladesh,6,1,6,0,29,0,0
/seo-crawler/,China,6,4,1.5,6.25,25,0,0
/seo-crawler/,Indonesia,6,5,1.2,21.8,22,0,0
/seo-crawler/,Tunisia,6,2,3,41,22,0,0
/serp/,Croatia,6,3,2,15,16,0,0
/xml-sitemaps/,Netherlands,6,5,1.2,29.6,25,0,0
/xml-sitemaps/,Sweden,6,2,3,246.5,16,0,0
/,Austria,5,2,2.5,14,17,0,0
/,Czechia,5,4,1.25,13.25,29,0,0
/,Nepal,5,2,2.5,23.5,17,0,0
/,United Arab Emirates,5,4,1.25,2.25,19,0,0
/about/,Switzerland,5,3,1.666666667,23,15,0,0
/bot-ips/,China,5,5,1,0,19,0,0
/bot-ips/,Netherlands,5,5,1,10.2,20,0,0
/content-similarity/,Italy,5,1,5,31,15,0,0
/crawlytics/b5b0ec1bec23bf94c1243aca,Czechia,5,1,5,129,14,0,0
/crawlytics/c3f5485a690eeb18c9e4ee41,Taiwan,5,1,5,172,15,0,0
/crawlytics/e7c8121ce6be027f8f0e30c9,Tunisia,5,1,5,47,15,0,0
/entity-extraction/,Italy,5,5,1,7.2,19,0,0
/link-analysis/,United Kingdom,5,4,1.25,18,15,0,0
/llm-content-evaluation/,India,5,3,1.666666667,79.33333333,20,0,0
/llm-crawl-eval/,Pakistan,5,3,1.666666667,26.66666667,16,0,0
/python/,Netherlands,5,5,1,7.4,18,0,0
/python/how-to/,United States,5,4,1.25,101.75,14,0,0
/python/tutorial/running-python-scripts-uv/,Belgium,5,5,1,24.2,22,0,0
/python/tutorial/running-python-scripts-uv/,Canada,5,5,1,16.8,23,0,0
/python/tutorial/running-python-scripts-uv/,Poland,5,5,1,29,23,0,0
/python/tutorial/running-python-scripts-uv/,Spain,5,5,1,21,24,0,0
/reverse-dns-lookup/,China,5,5,1,6.6,23,0,0
/reverse-dns-lookup/,Morocco,5,5,1,3.4,19,0,0
/schema-generator/,Australia,5,3,1.666666667,27.33333333,13,0,0
/schema-generator/,Czechia,5,2,2.5,10,19,0,0
/seo-crawler/,Japan,5,3,1.666666667,47.33333333,21,0,0
/seo-crawler/,New Zealand,5,2,2.5,32,18,0,0
/seo-crawler/,Slovakia,5,4,1.25,96.5,21,0,0
/serp/,Switzerland,5,4,1.25,9.75,14,0,0
/text-analysis/,United States,5,4,1.25,18.5,15,0,0
/urlytics/,China,5,5,1,6.6,20,0,0
/urlytics/,France,5,3,1.666666667,78.33333333,18,0,0
/user-agent-parser/,China,5,5,1,1.8,18,0,0
/xml-sitemaps/,France,5,4,1.25,53.25,16,0,0
/xml-sitemaps/,Poland,5,4,1.25,53,21,0,0
/xml-sitemaps/,Spain,5,4,1.25,39.75,22,0,0
/xml-sitemaps/,Tunisia,5,2,2.5,45.5,17,0,0
/,Finland,4,1,4,79,14,0,0
/,Japan,4,4,1,6.25,20,0,0
/about/,India,4,3,1.333333333,35.33333333,13,0,0
/audience-manager/,United Kingdom,4,2,2,92.5,12,0,0
/content-similarity/,India,4,3,1.333333333,5,11,0,0
/content-similarity/,United Kingdom,4,3,1.333333333,4,12,0,0
/crawlytics/1a62feffc3b926a8f6a28a28,France,4,1,4,10,16,0,0
/crawlytics/22c47dc91384f80abf2fee3c,Taiwan,4,1,4,155,11,0,0
/crawlytics/25d76648fa95145ec9889c30,Spain,4,1,4,23,9,0,0
/crawlytics/369d5c8fde9cb510570b6f1f,Czechia,4,1,4,14,11,0,0
/crawlytics/73a353e9bd3ddf69aa70c817,United Kingdom,4,1,4,222,12,0,0
/crawlytics/7a27327de34c5606988aa910,Romania,4,1,4,34,11,0,0
/crawlytics/7a4772c773939ec2808d1cbf,Spain,4,1,4,62,12,0,0
/crawlytics/877c8a3e8fc7462e600700c8,Nepal,4,1,4,113,12,0,0
/crawlytics/8f3c3d67661f3387e86cab07,Hungary,4,1,4,84,12,0,0
/crawlytics/d0359518f780c4219d648c32,Sweden,4,1,4,12,14,0,0
/entity-extraction/,Canada,4,4,1,24.75,15,0,0
/entity-extraction/,Japan,4,4,1,22.75,20,0,0
/llm-crawl-eval/,Canada,4,4,1,23,14,0,0
/llm-crawl-eval/,India,4,4,1,67.75,17,0,0
/llm-crawl-eval/,Italy,4,1,4,1487,9,0,0
/llm-crawl-eval/,United Kingdom,4,4,1,86.25,12,0,0
/posts/evergreen-crawling-xml-sitemaps/index.html,China,4,4,1,0,12,0,0
/posts/llm-content-evaluation/,Belarus,4,1,4,20,15,0,0
/python/explanation/crawl-file-structure/,China,4,4,1,0,14,0,0
/python/how-to/,China,4,4,1,0,13,0,0
/python/seo/,United States,4,3,1.333333333,15.66666667,10,0,0
/python/tutorial/running-python-scripts-uv/,Denmark,4,4,1,18,18,0,0
/python/tutorial/running-python-scripts-uv/,Sweden,4,4,1,54.25,20,0,0
/reverse-dns-lookup/,Brazil,4,3,1.333333333,44,17,0,0
/reverse-dns-lookup/,Netherlands,4,4,1,10,19,0,0
/reverse-dns-lookup/,United Arab Emirates,4,2,2,98.5,15,0,0
/reverse-dns-lookup/,Vietnam,4,3,1.333333333,6.666666667,16,0,0
/schema-generator/,Canada,4,4,1,49.5,13,0,0
/schema-generator/,Switzerland,4,3,1.333333333,20.33333333,13,0,0
/seo-crawler/,Australia,4,4,1,72.25,17,0,0
/seo-crawler/,Croatia,4,4,1,4,12,0,0
/seo-crawler/,Romania,4,5,0.8,17,14,0,0
/seo-crawler/,Russia,4,2,2,23,13,0,0
/seo-crawler/,South Africa,4,1,4,98,10,0,0
/serp/,United States,4,4,1,16.5,12,0,0
/text-analysis/,India,4,3,1.333333333,16.66666667,12,0,0
/text-analysis/,Switzerland,4,2,2,4,11,0,0
/text-analysis/,United Kingdom,4,4,1,8.5,12,0,0
/urlytics/,Mexico,4,1,4,0,11,0,0
/user-agent-parser/,France,4,4,1,10.5,14,0,0
/xml-sitemaps/,Canada,4,4,1,19.25,16,0,0
/xml-sitemaps/,Finland,4,4,1,33.25,18,0,0
/,Argentina,3,2,1.5,5,11,0,0
/,Bulgaria,3,2,1.5,12,11,0,0
/,Israel,3,2,1.5,17.5,15,0,0
/,Lithuania,3,4,0.75,9.5,16,0,0
/,Philippines,3,2,1.5,23.5,12,0,0
/,Serbia,3,2,1.5,14.5,14,0,0
/,Taiwan,3,3,1,4.333333333,9,0,0
/about/,United Kingdom,3,3,1,13,6,0,0
/audience-manager/,Ireland,3,4,0.75,1.5,9,0,0
/audience-manager/,United States,3,4,0.75,6.5,13,0,0
/bot-ips/,Ireland,3,3,1,8.666666667,12,0,0
/content-similarity/,Brazil,3,1,3,8,8,0,0
/content-similarity/,China,3,3,1,0,11,0,0
/content-similarity/,Croatia,3,3,1,3.333333333,10,0,0
/content-similarity/,Ukraine,3,2,1.5,4.5,11,0,0
/crawlytics/0faaaa99c2001264233fe1ae,United Kingdom,3,2,1.5,235.5,8,0,0
/crawlytics/1f700c528fb9600955c7fb86,Germany,3,1,3,33,9,0,0
/crawlytics/6156bc9b99c162275a07511b,Spain,3,1,3,17,9,0,0
/crawlytics/626f7cbf3bb64cb0464d201f,Poland,3,1,3,9,9,0,0
/crawlytics/6b8e65cf207a3fc8e3a54029,Türkiye,3,1,3,120,9,0,0
/crawlytics/820322c6bd2b4d4b9b4f4fa0,Germany,3,1,3,57,9,0,0
/crawlytics/98b20b1c52467cf1c54bba6e,Canada,3,1,3,25,9,0,0
/crawlytics/9c15694c1b2f2ce1d576f2c0,Canada,3,1,3,63,9,0,0
/crawlytics/b9a6d407b7478ae38b302239,Romania,3,1,3,12,7,0,0
/crawlytics/bd87322adf24039ec2ebe702,Germany,3,1,3,82,9,0,0
/crawlytics/d83ac27f3735e1d62921be41,United States,3,1,3,21,8,0,0
/crawlytics/e1ef67d7a5134b1cfcd754e4,Philippines,3,1,3,36,9,0,0
/crawlytics/ed15db82906e8180e4a07f26,Pakistan,3,1,3,12,9,0,0
/crawlytics/f07a2e54ea2acaae9b01f5fe,Sweden,3,1,3,27,9,0,0
/crawlytics/f11c402ac2d7d961b3a12ad6,Brazil,3,1,3,12,10,0,0
/crawlytics/f11c402ac2d7d961b3a12ad6,United States,3,2,1.5,5.5,9,0,0
/crawlytics/f99b52464a0648b6e78ecbc8,Vietnam,3,1,3,26,9,0,0
/crawlytics/fbfa97607eea232a8a214d18,Japan,3,1,3,58,10,0,0
/crawlytics/ffc54ce3846422aae9cc1c0c,Türkiye,3,1,3,23,10,0,0
/entity-extraction/,Czechia,3,2,1.5,19.5,10,0,0
/gsc-dashboard/,Brazil,3,2,1.5,8,10,0,0
/gsc-dashboard/,Bulgaria,3,1,3,100,8,0,0
/gsc-dashboard/,Canada,3,3,1,8,10,0,0
/link-analysis/,Canada,3,2,1.5,9,8,0,0
/link-analysis/,China,3,3,1,0,10,0,0
/link-analysis/,United States,3,3,1,23,9,0,0
/llm-crawl-eval/,Brazil,3,2,1.5,6.5,7,0,0
/llm-crawl-eval/,China,3,3,1,4.666666667,11,0,0
/llm-crawl-eval/,Greece,3,2,1.5,69,8,0,0
/posts/auditing-vs-analysis/index.html,China,3,3,1,0,9,0,0
/posts/crawl-meta-parameter/index.html,China,3,3,1,0,10,0,0
/posts/external-links/,Brazil,3,1,3,0,4,0,0
/posts/gsc-audit-analysis/slides/index.html,China,3,3,1,1,11,0,0
/python/,China,3,3,1,5,10,0,0
/python/,Croatia,3,2,1.5,20,8,0,0
/python/,Türkiye,3,2,1.5,25,11,0,0
/python/how-to/,Ireland,3,1,3,11,7,0,0
/python/how-to/download-images-bulk,China,3,3,1,0,12,0,0
/python/how-to/install-advertools/,China,3,3,1,0,9,0,0
/python/how-to/xml-sitemap-status-codes/,China,3,3,1,0,10,0,0
/python/seo/,Poland,3,1,3,0,8,0,0
/python/tutorial/,China,3,3,1,0,11,0,0
/python/tutorial/,United States,3,3,1,5.666666667,10,0,0
/python/tutorial/advertools-v0.17.0-new-features/,India,3,3,1,3,11,0,0
/python/tutorial/crawling/,China,3,3,1,0,9,0,0
/python/tutorial/running-python-scripts-uv/,Australia,3,3,1,70.33333333,14,0,0
/python/tutorial/running-python-scripts-uv/,China,3,3,1,0.6666666667,11,0,0
/python/tutorial/running-python-scripts-uv/,Greece,3,2,1.5,274,9,0,0
/python/tutorial/running-python-scripts-uv/,Portugal,3,1,3,0,8,0,0
/python/tutorial/running-python-scripts-uv/,Singapore,3,2,1.5,44,13,0,0
/python/tutorial/running-python-scripts-uv/,South Africa,3,2,1.5,48.5,10,0,0
/python/tutorial/running-python-scripts-uv/,South Korea,3,3,1,8.333333333,12,0,0
/python/tutorial/start-here/,United States,3,3,1,0,3,0,0
/reverse-dns-lookup/,Australia,3,3,1,5.666666667,15,0,0
/reverse-dns-lookup/,Croatia,3,2,1.5,8,9,0,0
/reverse-dns-lookup/,Tunisia,3,2,1.5,4.5,10,0,0
/reverse-dns-lookup/,Türkiye,3,1,3,80,8,0,0
/schema-generator/,Germany,3,3,1,7.333333333,9,0,0
/schema-generator/,Indonesia,3,1,3,138,9,0,0
/schema-generator/,Türkiye,3,1,3,73,10,0,0
/seo-crawler/,Albania,3,2,1.5,7.5,14,0,0
/seo-crawler/,Belgium,3,2,1.5,2,9,0,0
/seo-crawler/,Denmark,3,2,1.5,38,12,0,0
/seo-crawler/,Egypt,3,2,1.5,9,11,0,0
/seo-crawler/,Latvia,3,3,1,0,9,0,0
/seo-crawler/,Moldova,3,2,1.5,20,10,0,0
/seo-crawler/,Singapore,3,3,1,14.66666667,13,0,0
/seo-crawler/,Ukraine,3,2,1.5,11.5,10,0,0
/serp/,Brazil,3,2,1.5,28,10,0,0
/urlytics/,Croatia,3,3,1,33,8,0,0
/urlytics/,Italy,3,1,3,14,9,0,0
/urlytics/,Pakistan,3,3,1,13,9,0,0
/urlytics/,Serbia,3,1,3,53,9,0,0
/urlytics/,Switzerland,3,3,1,6.333333333,9,0,0
/user-agent-parser/,Türkiye,3,2,1.5,96.5,10,0,0
/xml-sitemaps/,Brazil,3,2,1.5,56,11,0,0
/xml-sitemaps/,Bulgaria,3,2,1.5,34,12,0,0
/xml-sitemaps/,Croatia,3,3,1,11.66666667,8,0,0
/xml-sitemaps/,Denmark,3,2,1.5,16.5,10,0,0
/xml-sitemaps/,Ecuador,3,3,1,41.66666667,14,0,0
/xml-sitemaps/,Greece,3,3,1,57.33333333,13,0,0
/xml-sitemaps/,Mexico,3,3,1,96,12,0,0
/xml-sitemaps/,Philippines,3,1,3,72,8,0,0
/xml-sitemaps/,Portugal,3,3,1,37.33333333,12,0,0
/,Belgium,2,2,1,42,10,0,0
/,Cyprus,2,2,1,8.5,9,0,0
/,Ecuador,2,1,2,34,5,0,0
/,Egypt,2,2,1,10,12,0,0
/,Moldova,2,2,1,4,8,0,0
/,North Macedonia,2,2,1,0,6,0,0
/,Portugal,2,2,1,31.5,13,0,0
/,Sri Lanka,2,1,2,11,8,0,0
/,Sweden,2,2,1,22,13,0,0
/,Ukraine,2,1,2,13,7,0,0
/about.html,China,2,2,1,0,6,0,0
/about/,Germany,2,2,1,43,5,0,0
/about/,Vietnam,2,1,2,12,7,0,0
/audience-manager/,Croatia,2,2,1,4,6,0,0
/audience-manager/,Malaysia,2,1,2,15,6,0,0
/audience-manager/,Switzerland,2,2,1,14.5,6,0,0
/bot-ips/,Germany,2,2,1,11,10,0,0
/bot-ips/,Russia,2,1,2,0,7,0,0
/bot-ips/,Ukraine,2,2,1,7,9,0,0
/content-similarity/,Switzerland,2,2,1,10,6,0,0
/crawlytics/030f2d7ac6d0ea614b6faf7b,Canada,2,1,2,77,6,0,0
/crawlytics/11ebc02eb526a0e6b3812ce1,United States,2,1,2,165,6,0,0
/crawlytics/145ef727c67bb9aead3f8bc1,Italy,2,1,2,70,6,0,0
/crawlytics/159aa5e6814daf96bd8d7e5f,United States,2,1,2,45,6,0,0
/crawlytics/1692947802eca083d6d0accf,Sweden,2,1,2,99,6,0,0
/crawlytics/199a5aa8790542d3d917776c,Tunisia,2,1,2,97,6,0,0
/crawlytics/1fc9d532071b076958822f0f,Ireland,2,1,2,50,6,0,0
/crawlytics/250a148487c676f605bd8f59,United States,2,1,2,34,7,0,0
/crawlytics/2f78ef7b58af4e64ffc45476,China,2,2,1,0,8,0,0
/crawlytics/3a9cbe99dda53d79385bef29,Indonesia,2,1,2,108,6,0,0
/crawlytics/444649edb102471c7b9a38a1,Russia,2,1,2,30,6,0,0
/crawlytics/558a3c2a801973c498bff3e2,United Kingdom,2,1,2,24,6,0,0
/crawlytics/56b95cb2735c8b0a4daac0c7,United States,2,1,2,10,5,0,0
/crawlytics/5d9955069f565abc690965b5,United States,2,1,2,17,6,0,0
/crawlytics/5dd89cf26a7176a8f0d9c216,United Kingdom,2,1,2,29,6,0,0
/crawlytics/614a601d43b08230c8dbd6fa,Philippines,2,1,2,32,6,0,0
/crawlytics/6bd543512a41d128d3edf88c,Iran,2,1,2,27,5,0,0
/crawlytics/6e45032f7d0a99dcc2a4ecf6,Taiwan,2,1,2,65,6,0,0
/crawlytics/6fda0f9c99d803ddffb259e9,Switzerland,2,1,2,523,7,0,0
/crawlytics/703deb4aff9f2f77fa847907,Netherlands,2,1,2,30,6,0,0
/crawlytics/795212282e96ffde0e8d5666,Canada,2,1,2,39,6,0,0
/crawlytics/892017512fbfe2e6ac7f8a7e,United States,2,1,2,18,7,0,0
/crawlytics/8c72d2fd5a1c15293b1a9851,Netherlands,2,1,2,15,6,0,0
/crawlytics/8d430db58e1dca22cab78054,Taiwan,2,1,2,45,6,0,0
/crawlytics/9a8a1951328c08b83d9678b6,United States,2,1,2,81,6,0,0
/crawlytics/9f9b82175af9daf431c2e83f,Greece,2,1,2,11,7,0,0
/crawlytics/a06443e89a5976e96d0bb52b,Bulgaria,2,1,2,9,6,0,0
/crawlytics/a880de311975fd0f2ae37f16,New Zealand,2,1,2,83,6,0,0
/crawlytics/afe1f734d4f65b90b74407f9,Türkiye,2,1,2,29,6,0,0
/crawlytics/b4b846248f1b6513130eca69,Japan,2,1,2,28,6,0,0
/crawlytics/b8131ccd497e6fb1621dcafb,United Kingdom,2,1,2,8,5,0,0
/crawlytics/b8c0945ad6a47798e4e27187,India,2,1,2,28,6,0,0
/crawlytics/ba402cc17367fd10adade45a,United Kingdom,2,1,2,37,6,0,0
/crawlytics/bb7376bbcf13411a96df16df,India,2,1,2,27,6,0,0
/crawlytics/be580ee29adcd73b6d214c7b,United Kingdom,2,1,2,0,4,0,0
/crawlytics/ca9ec9c3400b6242a3ece7ef,Czechia,2,1,2,99,6,0,0
/crawlytics/d44c755bd5241757421da0c0,Germany,2,1,2,31,5,0,0
/crawlytics/ebf372e89bf6167219a6ca0f,Finland,2,1,2,56,6,0,0
/crawlytics/f11c402ac2d7d961b3a12ad6,France,2,1,2,7,6,0,0
/crawlytics/f11c402ac2d7d961b3a12ad6,Malaysia,2,1,2,15,6,0,0
/crawlytics/f11c402ac2d7d961b3a12ad6,Romania,2,1,2,0,3,0,0
/crawlytics/f11c402ac2d7d961b3a12ad6,Switzerland,2,1,2,16,6,0,0
/crawlytics/f11c402ac2d7d961b3a12ad6,United Kingdom,2,2,1,31,6,0,0
/crawlytics/f6f4d0bb6dc4765c9c8bbfcf,Germany,2,1,2,53,6,0,0
/entity-extraction/,Croatia,2,2,1,7,6,0,0
/entity-extraction/,Germany,2,2,1,9,8,0,0
/entity-extraction/,Pakistan,2,1,2,37,7,0,0
/entity-extraction/,Poland,2,2,1,8.5,7,0,0
/entity-extraction/,Sweden,2,2,1,21.5,8,0,0
/entity-extraction/,Switzerland,2,2,1,4,8,0,0
/entity-extraction/,Thailand,2,2,1,7,10,0,0
/gsc-dashboard/,China,2,2,1,0,7,0,0
/gsc-dashboard/,Germany,2,2,1,12.5,7,0,0
/gsc-dashboard/,New Zealand,2,2,1,0,6,0,0
/gsc-dashboard/,Poland,2,2,1,18.5,4,0,0
/gsc-dashboard/,Türkiye,2,2,1,6,7,0,0
/link-analysis/,India,2,2,1,181,8,0,0
/llm-content-evaluation/,United States,2,2,1,1,9,0,0
/llm-crawl-eval/,Belgium,2,2,1,48,9,0,0
/llm-crawl-eval/,Malta,2,1,2,1,7,0,0
/llm-crawl-eval/,Poland,2,1,2,50,4,0,0
/llm-crawl-eval/,Spain,2,2,1,0,7,0,0
/nyt-dashboard/,China,2,2,1,3,10,0,0
/posts/bodytext-xpath-selector/,United States,2,2,1,8,8,0,0
/posts/bodytext-xpath-selector/index.html,China,2,2,1,0,6,0,0
/posts/chart-zoom-in/index.html,China,2,2,1,0,8,0,0
/posts/compare-crawls/index.html,China,2,2,1,0,6,0,0
/posts/gsc-audit-analysis/,Malaysia,2,1,2,159,6,0,0
/posts/gsc-audit-analysis/slides/,Czechia,2,1,2,251,9,0,0
/posts/llm-app-guidelines/slides/,Malaysia,2,1,2,150,6,0,0
/posts/llm-content-evaluation/,Canada,2,0,0,0,5,0,0
/posts/logfile-analysis-cli/,Greece,2,1,2,0,3,0,0
/posts/serp-analysis/index.html,China,2,2,1,0,6,0,0
/posts/sitemap-request-headers/index.html,China,2,2,1,0,6,0,0
/posts/word-co-occurrence-matrix/index.html,China,2,2,1,0,6,0,0
/posts/work-using-code/index.html,China,2,2,1,0,6,0,0
/python/,Canada,2,1,2,0,6,0,0
/python/,Germany,2,2,1,16.5,5,0,0
/python/,Greece,2,2,1,17.5,7,0,0
/python/,Ireland,2,1,2,19,5,0,0
/python/explanation/,India,2,2,1,10.5,6,0,0
/python/explanation/crawl-file-structure/index.html,China,2,2,1,0,6,0,0
/python/explanation/crawling-vs-scraping/index.html,China,2,2,1,0,7,0,0
/python/how-to/,Greece,2,2,1,46,6,0,0
/python/how-to/audit-robots-blocking-sitemap/,Türkiye,2,2,1,9.5,9,0,0
/python/how-to/audit-robots-blocking-sitemap/index.html,China,2,2,1,0,6,0,0
/python/how-to/broken-link-checker/,Ireland,2,2,1,26,7,0,0
/python/how-to/crawl-with-proxies/index.html,China,2,2,1,0,6,0,0
/python/how-to/download-visualize-sitemap/index.html,China,2,2,1,1,9,0,0
/python/how-to/install-advertools/,Germany,2,1,2,14,5,0,0
/python/script/,China,2,2,1,0,6,0,0
/python/seo/,Egypt,2,1,2,9,7,0,0
/python/seo/,Germany,2,1,2,185,3,0,0
/python/seo/,Indonesia,2,2,1,14,8,0,0
/python/seo/,Lithuania,2,2,1,48.5,9,0,0
/python/seo/,Switzerland,2,2,1,45,9,0,0
/python/tutorial/,Croatia,2,1,2,6,5,0,0
/python/tutorial/,Germany,2,1,2,8,5,0,0
/python/tutorial/,Greece,2,1,2,18,5,0,0
/python/tutorial/,Italy,2,1,2,35,7,0,0
/python/tutorial/,Mexico,2,1,2,16,8,0,0
/python/tutorial/advertools-v0.17.0-new-features/,China,2,2,1,0,6,0,0
/python/tutorial/advertools-v0.17.0-new-features/,Mexico,2,1,2,14,7,0,0
/python/tutorial/advertools-v0.17.0-new-features/,Türkiye,2,1,2,623,7,0,0
/python/tutorial/advertools-v0.17.0-new-features/index.html,China,2,2,1,0,6,0,0
/python/tutorial/crawling/,Germany,2,1,2,263,4,0,0
/python/tutorial/crawling/,India,2,2,1,55.5,4,0,0
/python/tutorial/crawling/,United States,2,2,1,0,9,0,0
/python/tutorial/running-python-scripts-uv/,Argentina,2,2,1,24.5,9,0,0
/python/tutorial/running-python-scripts-uv/,Austria,2,2,1,6.5,7,0,0
/python/tutorial/running-python-scripts-uv/,Switzerland,2,2,1,77.5,7,0,0
/python/tutorial/running-python-scripts-uv/index.html,China,2,2,1,0,7,0,0
/python/tutorial/setting-up-python/,China,2,2,1,0,6,0,0
/python/tutorial/setting-up-python/,Germany,2,1,2,196,5,0,0
/python/tutorial/start-here/,China,2,2,1,0,7,0,0
/python/tutorial/start-here/,Croatia,2,1,2,14,5,0,0
/python/tutorial/start-here/,Germany,2,1,2,87,8,0,0
/python/tutorial/start-here/index.html,France,2,1,2,0,6,0,0
/python/tutorial/start-here/index.html,Germany,2,1,2,0,6,0,0
/reverse-dns-lookup/,Cambodia,2,2,1,7.5,10,0,0
/reverse-dns-lookup/,Ethiopia,2,1,2,155,7,0,0
/reverse-dns-lookup/,Iran,2,1,2,11,6,0,0
/reverse-dns-lookup/,Poland,2,1,2,66,9,0,0
/reverse-dns-lookup/,Russia,2,1,2,22,8,0,0
/reverse-dns-lookup/,South Korea,2,2,1,5,10,0,0
/reverse-dns-lookup/,Switzerland,2,2,1,8.5,8,0,0
/schema-generator/,China,2,2,1,0,6,0,0
/schema-generator/,Croatia,2,2,1,12,6,0,0
/schema-generator/,Italy,2,2,1,10.5,8,0,0
/schema-generator/,Philippines,2,2,1,77.5,8,0,0
/seo-crawler/,Bulgaria,2,2,1,17,8,0,0
/seo-crawler/,Colombia,2,2,1,19,8,0,0
/seo-crawler/,Iran,2,2,1,14.5,8,0,0
/seo-crawler/,Ireland,2,1,2,71,7,0,0
/seo-crawler/,Kuwait,2,2,1,14,7,0,0
/seo-crawler/,Lebanon,2,1,2,29,8,0,0
/seo-crawler/,Nepal,2,1,2,37,6,0,0
/seo-crawler/,Slovenia,2,1,2,32,6,0,0
/seo-crawler/,Vietnam,2,2,1,30,10,0,0
/serp/,France,2,1,2,13,5,0,0
/serp/,Netherlands,2,2,1,38,6,0,0
/serp/,Philippines,2,1,2,78,6,0,0
/serp/,Slovakia,2,1,2,43,6,0,0
/text-analysis/,Australia,2,1,2,3,5,0,0
/text-analysis/,Canada,2,2,1,6.5,6,0,0
/urlytics/,Germany,2,2,1,16.5,8,0,0
/urlytics/,Netherlands,2,2,1,38,8,0,0
/urlytics/,Philippines,2,1,2,15,6,0,0
/urlytics/,Tunisia,2,1,2,56,6,0,0
/urlytics/,Türkiye,2,1,2,37,5,0,0
/user-agent-parser,China,2,2,1,0,8,0,0
/user-agent-parser/,Canada,2,2,1,12,6,0,0
/user-agent-parser/,Croatia,2,1,2,5,4,0,0
/user-agent-parser/,Germany,2,2,1,10.5,6,0,0
/user-agent-parser/,Philippines,2,1,2,35,10,0,0
/xml-sitemaps,China,2,2,1,4.5,9,0,0
/xml-sitemaps/,Australia,2,2,1,12.5,5,0,0
/xml-sitemaps/,Belgium,2,2,1,78,9,0,0
/xml-sitemaps/,Czechia,2,2,1,5.5,5,0,0
/xml-sitemaps/,Ireland,2,2,1,32,8,0,0
/xml-sitemaps/,Romania,2,2,1,11,8,0,0
/xml-sitemaps/,Serbia,2,2,1,17,7,0,0
/xml-sitemaps/,United Arab Emirates,2,2,1,8.5,12,0,0
/xml-sitemaps/,Uruguay,2,2,1,88.5,10,0,0
/,Afghanistan,1,1,1,0,3,0,0
/,Albania,1,1,1,2,2,0,0
/,Armenia,1,1,1,0,4,0,0
/,Bosnia & Herzegovina,1,1,1,41,5,0,0
/,Colombia,1,1,1,18,5,0,0
/,Ethiopia,1,1,1,14,5,0,0
/,Jordan,1,1,1,2,4,0,0
/,Kenya,1,1,1,0,3,0,0
/,Latvia,1,1,1,41,4,0,0
/,New Zealand,1,1,1,2,3,0,0
/,Nigeria,1,1,1,24,6,0,0
/,Romania,1,1,1,13,5,0,0
/,Saudi Arabia,1,1,1,27,5,0,0
/,Singapore,1,53,0.01886792453,1.58490566,68,0,0
/,Slovakia,1,1,1,42,3,0,0
/,South Korea,1,1,1,3,5,0,0
/,Thailand,1,1,1,6,2,0,0
/about,China,1,1,1,0,4,0,0
/about,United States,1,1,1,0,4,0,0
/about/,China,1,1,1,0,3,0,0
/about/,Ecuador,1,1,1,0,4,0,0
/about/,France,1,1,1,2,3,0,0
/about/,Indonesia,1,1,1,12,4,0,0
/about/,Moldova,1,1,1,8,3,0,0
/about/,Netherlands,1,2,0.5,7,5,0,0
/about/,Russia,1,1,1,6,3,0,0
/about/,Türkiye,1,1,1,88,4,0,0
/audience-manager,China,1,1,1,0,4,0,0
/audience-manager/,Canada,1,1,1,4,3,0,0
/audience-manager/,India,1,1,1,17,3,0,0
/audience-manager/,Netherlands,1,1,1,23,5,0,0
/audience-manager/,Philippines,1,1,1,18,3,0,0
/audience-manager/,Slovakia,1,1,1,4,3,0,0
/bot-ips/,Bangladesh,1,1,1,0,6,0,0
/bot-ips/,Brazil,1,1,1,105,5,0,0
/bot-ips/,Croatia,1,1,1,2,3,0,0
/bot-ips/,Cyprus,1,1,1,13,5,0,0
/bot-ips/,France,1,1,1,0,3,0,0
/bot-ips/,Hungary,1,1,1,0,6,0,0
/bot-ips/,Israel,1,1,1,4,3,0,0
/bot-ips/,Pakistan,1,1,1,6,5,0,0
/bot-ips/,Poland,1,1,1,0,4,0,0
/bot-ips/,Romania,1,1,1,12,5,0,0
/bot-ips/,Saudi Arabia,1,1,1,57,5,0,0
/bot-ips/,Switzerland,1,1,1,42,4,0,0
/bot-ips/,Thailand,1,1,1,45,5,0,0
/bot-ips/,Vietnam,1,1,1,7,5,0,0
/content-similarity/,Australia,1,1,1,2,3,0,0
/content-similarity/,Czechia,1,1,1,3,3,0,0
/content-similarity/,France,1,1,1,2,5,0,0
/content-similarity/,Germany,1,1,1,3,3,0,0
/content-similarity/,Indonesia,1,1,1,10,3,0,0
/content-similarity/,Israel,1,1,1,3,3,0,0
/content-similarity/,Mexico,1,1,1,0,1,0,0
/content-similarity/,Netherlands,1,1,1,9,4,0,0
/content-similarity/,Philippines,1,1,1,5,3,0,0
/content-similarity/,Russia,1,1,1,42,4,0,0
/content-similarity/,Serbia,1,1,1,7,3,0,0
/content-similarity/,Slovakia,1,1,1,6,4,0,0
/content-similarity/,Spain,1,1,1,3,3,0,0
/content-similarity/,Tunisia,1,1,1,18,3,0,0
/content-similarity/,Türkiye,1,1,1,5,3,0,0
/crawlytics/,Malaysia,1,1,1,7,3,0,0
/crawlytics/,Taiwan,1,1,1,2,3,0,0
/crawlytics/00964fb042de4f757455ade2,India,1,1,1,36,3,0,0
/crawlytics/0352ba46323eab7a5a31ae21,United States,1,1,1,79,3,0,0
/crawlytics/07dbae1441dc7e10856ca654,United States,1,1,1,22,3,0,0
/crawlytics/09368881bae16c8928d75122,India,1,1,1,16,3,0,0
/crawlytics/0cdada9d5bc463155cdcc06a,Slovakia,1,1,1,19,3,0,0
/crawlytics/13d75707b7fe9a805266a11b,India,1,1,1,0,4,0,0
/crawlytics/1e1860233f292a922b093dcc,Netherlands,1,1,1,8,3,0,0
/crawlytics/237aebf0d1b2ebe3fadfeb9a,France,1,1,1,44,3,0,0
/crawlytics/24d8cb2a8f624e4b8fd7d0c6,Sweden,1,1,1,33,4,0,0
/crawlytics/25acc297f2bdf78f1479e493,Slovenia,1,1,1,90,3,0,0
/crawlytics/32f6e29a25e14b84a8890ede,Sweden,1,1,1,15,2,0,0
/crawlytics/3334ea18ae6de41c91daf001,United States,1,1,1,23,3,0,0
/crawlytics/359297e6f564b2f9b9dea3f8,Germany,1,1,1,173,3,0,0
/crawlytics/3930f612f751091a16b5b80a,Denmark,1,1,1,25,3,0,0
/crawlytics/399458c92e79f05c31bc4c33,United States,1,1,1,72,3,0,0
/crawlytics/39e829b916351411bd14e763,Romania,1,1,1,6,3,0,0
/crawlytics/3b5f43610b8d905c08e7664b,Qatar,1,1,1,59,3,0,0
/crawlytics/3e42466dd2873579cac8706e,United States,1,1,1,32,3,0,0
/crawlytics/412e6136cf637de09c0f8949,Singapore,1,1,1,9,3,0,0
/crawlytics/41d731644b59c3f6800c2e9f,Germany,1,1,1,20,3,0,0
/crawlytics/420e52386187bca46264b192,United Kingdom,1,1,1,8,3,0,0
/crawlytics/43519fcf57c2549165fdccb7,India,1,1,1,68,3,0,0
/crawlytics/43a8c4dd71a798652cf75d4c,Germany,1,1,1,4,3,0,0
/crawlytics/43e3ebfa7abe79ae01cfe1f9,Italy,1,1,1,0,2,0,0
/crawlytics/4420b97f193c364fdd4c4d13,Taiwan,1,1,1,18,3,0,0
/crawlytics/44af0a2e158e0a6c7ceac91e,France,1,1,1,224,3,0,0
/crawlytics/4a5caef3137ce6e7d0270915,Sweden,1,1,1,0,3,0,0
/crawlytics/4b73bc25ee8368c538302cab,United States,1,1,1,42,3,0,0
/crawlytics/4d2743d6e6f2462c076b3cb6,Canada,1,1,1,10,3,0,0
/crawlytics/4da95a5084f3d857884e142e,Brazil,1,1,1,0,4,0,0
/crawlytics/4f7d2665c62a466aeb82e98c,Pakistan,1,1,1,0,4,0,0
/crawlytics/5080ce40349049b4660dcb69,Vietnam,1,1,1,0,4,0,0
/crawlytics/559211b6e91868a708fb14bf,United Kingdom,1,1,1,3,3,0,0
/crawlytics/56a14ba68a6537d90951c3cc,Brazil,1,1,1,61,3,0,0
/crawlytics/59b0737a319457df1e35913c,Netherlands,1,1,1,12,3,0,0
/crawlytics/5afaab2769f205a40e13ff47,Georgia,1,1,1,0,2,0,0
/crawlytics/5b2b148e3efcd2bdc5008aa2,Netherlands,1,1,1,41,3,0,0
/crawlytics/5bc7e27bccb132d6e975b91f,Indonesia,1,1,1,86,3,0,0
/crawlytics/5e900b5e5e8dc3678564cbea,United States,1,1,1,29,3,0,0
/crawlytics/5f5df937008e70da0d604688,India,1,1,1,17,3,0,0
/crawlytics/634fef2bf1aea0732a3538c4,Colombia,1,1,1,14,3,0,0
/crawlytics/653e11e600d2b3a9d71930c5,United States,1,1,1,47,3,0,0
/crawlytics/679635ffa2f1ed151851e87e,United States,1,1,1,16,3,0,0
/crawlytics/6824fbd3464a890c18030619,Canada,1,1,1,28,3,0,0
/crawlytics/68b15cb114e9a14c8af303c8,United Kingdom,1,1,1,12,3,0,0
/crawlytics/69ae5b336dc06a576a9682fe,Poland,1,1,1,78,3,0,0
/crawlytics/6aa0ebf45e110c0b7030a1aa,Netherlands,1,1,1,0,2,0,0
/crawlytics/70615409c6bb329ab8f55c71,Spain,1,1,1,9,3,0,0
/crawlytics/765e4bf0cfb95cdd4f2718ad,Kuwait,1,1,1,15,3,0,0
/crawlytics/77ff3bace45ce8438793e0de,India,1,1,1,9,3,0,0
/crawlytics/7a27327de34c5606988aa910,Indonesia,1,1,1,0,2,0,0
/crawlytics/7d7c90b36b69bcf8010e848d,United States,1,1,1,13,3,0,0
/crawlytics/7e6c1c9e074a32234287d985,Philippines,1,1,1,49,3,0,0
/crawlytics/8015297a3935602c9c021a4c,Brazil,1,1,1,14,3,0,0
/crawlytics/86fb5bb105de1f347e63f448,India,1,1,1,63,3,0,0
/crawlytics/8afb12f5defcc16feb3290b1,Germany,1,1,1,0,4,0,0
/crawlytics/8b2fa4b9f7707874fa31839c,Pakistan,1,1,1,67,3,0,0
/crawlytics/91f2fe9d81ffc81343c2a399,Germany,1,1,1,59,3,0,0
/crawlytics/9503f474145e3b9d35caa7d1,Egypt,1,1,1,42,3,0,0
/crawlytics/9767f4697b8f1fcd0a8601a9,South Africa,1,1,1,111,3,0,0
/crawlytics/97f964260dad4b8c4497381e,United States,1,1,1,42,3,0,0
/crawlytics/9d405af003d5e24574c08278,United States,1,1,1,18,3,0,0
/crawlytics/a098b5094582a140bd0e7851,Colombia,1,1,1,20,3,0,0
/crawlytics/a1c99afab59d2dceca410e22,Lithuania,1,1,1,14,3,0,0
/crawlytics/a3cb6086a409da4c380d19e6,United Kingdom,1,1,1,14,3,0,0
/crawlytics/a77f49e3c20a83b19356c83c,Russia,1,1,1,79,3,0,0
/crawlytics/ac8a9e9abb2cefeba93bf0b7,New Zealand,1,1,1,0,4,0,0
/crawlytics/ad22cffa27ade5229d99e84e,Latvia,1,1,1,0,2,0,0
/crawlytics/ad7a443aa0e1ae2ededfbc18,United States,1,1,1,59,3,0,0
/crawlytics/aea841177a6e0eefe853e7f0,United States,1,1,1,22,3,0,0
/crawlytics/b0d426462bdbf7ef47a216a5,Poland,1,1,1,17,3,0,0
/crawlytics/b590f4bb79838ed000f9332f,Brazil,1,1,1,12,3,0,0
/crawlytics/b70f0a4b5a958be5dcba22f1,United Kingdom,1,1,1,21,3,0,0
/crawlytics/bbc79cfe9fd6dd203fb94fb7,Italy,1,1,1,133,3,0,0
/crawlytics/be27b3c071a4cee92b4f2e3b,Australia,1,1,1,83,3,0,0
/crawlytics/beec34ccda2be59ed9c465d3,United Kingdom,1,1,1,0,4,0,0
/crawlytics/c54fe8962d2958f96b4d3914,Germany,1,1,1,32,3,0,0
/crawlytics/c91a9ae9272fc3b489766aff,Australia,1,1,1,0,4,0,0
/crawlytics/c94f6d4d9c684b4af615f949,Pakistan,1,0,0,0,3,0,0
/crawlytics/cefe439ebc62c9b8b30e9aed,Sweden,1,1,1,40,3,0,0
/crawlytics/d0b8ea4321c8c500c3934bef,Serbia,1,1,1,20,3,0,0
/crawlytics/d6600e0d305adc48a461b752,United States,1,1,1,0,4,0,0
/crawlytics/e479ff116ce3847e382a05ab,Singapore,1,1,1,5,3,0,0
/crawlytics/e79b12e3c9cfcb4dd3691b3b,India,1,1,1,63,3,0,0
/crawlytics/eb87666af8b05b258ccc258e,India,1,1,1,28,3,0,0
/crawlytics/ec238f70d372d14c8d6d85be,Iran,1,1,1,72,3,0,0
/crawlytics/edf63432237b80747731b260,Türkiye,1,1,1,8,3,0,0
/crawlytics/efb61d911d9b4bf8a818aa8a,Sweden,1,1,1,9,3,0,0
/crawlytics/f0478f7f51c3fafbf7b7dca2,United Arab Emirates,1,1,1,0,2,0,0
/crawlytics/f11c402ac2d7d961b3a12ad6,Albania,1,1,1,5,3,0,0
/crawlytics/f11c402ac2d7d961b3a12ad6,Australia,1,1,1,59,3,0,0
/crawlytics/f11c402ac2d7d961b3a12ad6,Croatia,1,1,1,4,3,0,0
/crawlytics/f11c402ac2d7d961b3a12ad6,Germany,1,1,1,2,3,0,0
/crawlytics/f11c402ac2d7d961b3a12ad6,India,1,1,1,21,3,0,0
/crawlytics/f11c402ac2d7d961b3a12ad6,Italy,1,1,1,0,4,0,0
/crawlytics/f11c402ac2d7d961b3a12ad6,Slovakia,1,1,1,1,3,0,0
/crawlytics/f11c402ac2d7d961b3a12ad6,Spain,1,1,1,16,3,0,0
/crawlytics/f11c402ac2d7d961b3a12ad6,Sweden,1,1,1,6,3,0,0
/crawlytics/f68410037d010272f63415b8,Portugal,1,1,1,27,3,0,0
/crawlytics/f890e398847552e215f5bfa7,France,1,1,1,7,3,0,0
/crawlytics/fc381444fd3809fe5bff774c,South Africa,1,1,1,81,3,0,0
/entity-extraction/,(not set),1,1,1,0,3,0,0
/entity-extraction/,Belarus,1,1,1,3,5,0,0
/entity-extraction/,Denmark,1,1,1,10,5,0,0
/entity-extraction/,Ecuador,1,1,1,27,5,0,0
/entity-extraction/,France,1,1,1,10,4,0,0
/entity-extraction/,Georgia,1,1,1,15,5,0,0
/entity-extraction/,Greece,1,1,1,104,3,0,0
/entity-extraction/,Indonesia,1,1,1,139,3,0,0
/entity-extraction/,Iran,1,1,1,18,5,0,0
/entity-extraction/,Latvia,1,1,1,226,3,0,0
/entity-extraction/,Malaysia,1,1,1,11,5,0,0
/entity-extraction/,Mexico,1,1,1,14,5,0,0
/entity-extraction/,Nepal,1,1,1,18,3,0,0
/entity-extraction/,Netherlands,1,1,1,0,6,0,0
/entity-extraction/,Portugal,1,1,1,7,5,0,0
/entity-extraction/,Russia,1,1,1,15,5,0,0
/entity-extraction/,Slovakia,1,1,1,14,3,0,0
/entity-extraction/,Taiwan,1,1,1,0,6,0,0
/gsc-dashboard/,Australia,1,1,1,16,3,0,0
/gsc-dashboard/,Finland,1,1,1,100,3,0,0
/gsc-dashboard/,Indonesia,1,1,1,17,3,0,0
/gsc-dashboard/,Israel,1,1,1,29,3,0,0
/gsc-dashboard/,Japan,1,1,1,9,5,0,0
/gsc-dashboard/,Lithuania,1,1,1,3,3,0,0
/gsc-dashboard/,Pakistan,1,1,1,8,3,0,0
/gsc-dashboard/,Romania,1,1,1,15,4,0,0
/gsc-dashboard/,San Marino,1,1,1,31,3,0,0
/gsc-dashboard/,Slovakia,1,1,1,96,3,0,0
/gsc-dashboard/,Spain,1,1,1,17,3,0,0
/gsc-dashboard/,Thailand,1,1,1,56,5,0,0
/link-analysis/,Austria,1,1,1,0,4,0,0
/link-analysis/,Croatia,1,1,1,1,3,0,0
/link-analysis/,Finland,1,1,1,55,3,0,0
/link-analysis/,Greece,1,1,1,3,2,0,0
/link-analysis/,Israel,1,1,1,13,3,0,0
/link-analysis/,Italy,1,1,1,10,3,0,0
/link-analysis/,Mexico,1,1,1,40,3,0,0
/link-analysis/,Nepal,1,1,1,31,3,0,0
/link-analysis/,Philippines,1,1,1,26,3,0,0
/link-analysis/,Poland,1,1,1,0,2,0,0
/link-analysis/,San Marino,1,1,1,22,3,0,0
/link-analysis/,Slovakia,1,1,1,7,3,0,0
/link-analysis/,Switzerland,1,1,1,0,4,0,0
/link-analysis/,Vietnam,1,1,1,266,3,0,0
/llm-content-evaluation/,Argentina,1,1,1,18,3,0,0
/llm-content-evaluation/,Belgium,1,1,1,9,3,0,0
/llm-content-evaluation/,Brazil,1,1,1,6,3,0,0
/llm-content-evaluation/,China,1,1,1,0,3,0,0
/llm-content-evaluation/,Croatia,1,1,1,7,3,0,0
/llm-content-evaluation/,Cyprus,1,1,1,4,2,0,0
/llm-content-evaluation/,Czechia,1,1,1,18,3,0,0
/llm-content-evaluation/,Greece,1,1,1,7,3,0,0
/llm-content-evaluation/,Lithuania,1,1,1,7,3,0,0
/llm-content-evaluation/,Russia,1,1,1,57,3,0,0
/llm-content-evaluation/,San Marino,1,1,1,36,3,0,0
/llm-content-evaluation/,Serbia,1,1,1,6,3,0,0
/llm-content-evaluation/,Slovenia,1,1,1,229,3,0,0
/llm-content-evaluation/,Spain,1,1,1,93,3,0,0
/llm-content-evaluation/,Switzerland,1,1,1,38,3,0,0
/llm-crawl-eval/,(not set),1,1,1,0,3,0,0
/llm-crawl-eval/,Bulgaria,1,1,1,26,3,0,0
/llm-crawl-eval/,Croatia,1,1,1,3,3,0,0
/llm-crawl-eval/,Cyprus,1,1,1,5,3,0,0
/llm-crawl-eval/,France,1,1,1,17,3,0,0
/llm-crawl-eval/,Germany,1,1,1,6,3,0,0
/llm-crawl-eval/,Indonesia,1,1,1,9,3,0,0
/llm-crawl-eval/,Israel,1,1,1,39,3,0,0
/llm-crawl-eval/,Lithuania,1,1,1,4,3,0,0
/llm-crawl-eval/,Philippines,1,1,1,239,3,0,0
/llm-crawl-eval/,San Marino,1,1,1,96,3,0,0
/llm-crawl-eval/,Serbia,1,1,1,12,3,0,0
/llm-crawl-eval/,Switzerland,1,1,1,1,3,0,0
/posts/auditing-vs-analysis/,Malaysia,1,1,1,11,3,0,0
/posts/automating-python-scripts/,India,1,1,1,56,4,0,0
/posts/bodytext-xpath-selector/,China,1,1,1,0,3,0,0
/posts/bodytext-xpath-selector/,Czechia,1,1,1,3,4,0,0
/posts/bodytext-xpath-selector/,Greece,1,1,1,0,3,0,0
/posts/bulk-prompting/index.html,China,1,1,1,0,3,0,0
/posts/crawl-file-structure/,India,1,1,1,54,6,0,0
/posts/crawl-meta-parameter/,Brazil,1,1,1,0,4,0,0
/posts/crawl-meta-parameter/,Malaysia,1,1,1,43,3,0,0
/posts/crawl-meta-parameter/,Nepal,1,1,1,0,4,0,0
/posts/evergreen-crawling-xml-sitemaps/,China,1,1,1,0,4,0,0
/posts/evergreen-crawling-xml-sitemaps/,Malaysia,1,1,1,49,3,0,0
/posts/evergreen-crawling-xml-sitemaps/,Netherlands,1,1,1,40,4,0,0
/posts/evergreen-crawling-xml-sitemaps/,United Kingdom,1,1,1,12,2,0,0
/posts/external-links/,Malaysia,1,1,1,144,3,0,0
/posts/external-links/index.html,China,1,1,1,0,3,0,0
/posts/external-links/index.html,India,1,1,1,2,4,0,0
/posts/gsc-audit-analysis/,China,1,1,1,3,5,0,0
/posts/gsc-audit-analysis/,India,1,1,1,3,2,0,0
/posts/gsc-audit-analysis/slides/,India,1,1,1,0,6,0,0
/posts/gsc-audit-analysis/slides/,Italy,1,1,1,0,2,0,0
/posts/gsc-audit-analysis/slides/,Malaysia,1,1,1,163,3,0,0
/posts/llm-app-guidelines/index.html,China,1,1,1,0,4,0,0
/posts/llm-content-evaluation/,Germany,1,1,1,22,4,0,0
/posts/llm-content-evaluation/,India,1,1,1,5,4,0,0
/posts/llm-content-evaluation/,United States,1,1,1,0,3,0,0
/posts/llm-content-evaluation/index.html,China,1,1,1,0,3,0,0
/posts/logfile-analysis-cli/,Malaysia,1,1,1,22,3,0,0
/posts/programming-vs-software-dev/index.html,China,1,1,1,0,3,0,0
/posts/serp-analysis/,Malaysia,1,1,1,84,3,0,0
/posts/serp-analysis/index.html,Brazil,1,1,1,1,4,0,0
/posts/sitemap-dashboard/,Malaysia,1,1,1,101,3,0,0
/posts/sitemap-request-headers/,Australia,1,1,1,17,6,0,0
/posts/sitemap-request-headers/,China,1,1,1,0,3,0,0
/posts/sitemap-request-headers/,France,1,1,1,0,3,0,0
/posts/sitemap-request-headers/,Germany,1,1,1,29,4,0,0
/posts/sitemap-request-headers/,Indonesia,1,1,1,2,2,0,0
/posts/sitemap-request-headers/,Italy,1,1,1,0,3,0,0
/python/,(not set),1,1,1,3,5,0,0
/python/,Australia,1,1,1,16,3,0,0
/python/,Bangladesh,1,1,1,2,2,0,0
/python/,Brazil,1,1,1,10,5,0,0
/python/,Ecuador,1,1,1,13,3,0,0
/python/,Finland,1,1,1,24,3,0,0
/python/,France,1,1,1,3,3,0,0
/python/,Indonesia,1,1,1,6,3,0,0
/python/,Israel,1,1,1,19,3,0,0
/python/,Italy,1,1,1,5,3,0,0
/python/,Japan,1,1,1,8,3,0,0
/python/,Kenya,1,1,1,4,3,0,0
/python/,Lithuania,1,1,1,7,2,0,0
/python/,Mexico,1,1,1,2,2,0,0
/python/,San Marino,1,1,1,19,3,0,0
/python/,Serbia,1,1,1,5,4,0,0
/python/,Tunisia,1,1,1,3,2,0,0
/python/,United Kingdom,1,1,1,4,4,0,0
/python/,Vietnam,1,1,1,0,4,0,0
/python/explanation/,China,1,1,1,0,3,0,0
/python/explanation/,Greece,1,1,1,18,3,0,0
/python/explanation/,Türkiye,1,1,1,25,3,0,0
/python/explanation/,United States,1,1,1,3,3,0,0
/python/explanation/crawl-file-structure/,Greece,1,1,1,10,2,0,0
/python/explanation/crawl-file-structure/,United States,1,1,1,13,3,0,0
/python/explanation/crawling-vs-scraping/,Brazil,1,1,1,2053,5,0,0
/python/explanation/programming-vs-software-development/index.html,China,1,1,1,0,4,0,0
/python/explanation/use-python-seo/,Türkiye,1,1,1,23,2,0,0
/python/explanation/work-using-code/index.html,China,1,1,1,2,4,0,0
/python/how-to/,Israel,1,1,1,18,3,0,0
/python/how-to/,Lithuania,1,1,1,31,3,0,0
/python/how-to/,San Marino,1,1,1,6,3,0,0
/python/how-to/,Switzerland,1,1,1,40,3,0,0
/python/how-to/,Türkiye,1,1,1,15,3,0,0
/python/how-to/audit-robots-blocking-sitemap/,Brazil,1,1,1,4,4,0,0
/python/how-to/audit-robots-blocking-sitemap/,China,1,1,1,0,4,0,0
/python/how-to/audit-robots-blocking-sitemap/,Germany,1,1,1,10,5,0,0
/python/how-to/audit-robots-blocking-sitemap/,India,1,1,1,15,5,0,0
/python/how-to/audit-robots-blocking-sitemap/,Pakistan,1,1,1,8,2,0,0
/python/how-to/audit-robots-blocking-sitemap/,Spain,1,1,1,2,4,0,0
/python/how-to/audit-structured-data/,China,1,1,1,0,3,0,0
/python/how-to/audit-structured-data/,India,1,1,1,55,3,0,0
/python/how-to/audit-structured-data/,United States,1,1,1,192,3,0,0
/python/how-to/audit-structured-data/index.html,China,1,1,1,0,3,0,0
/python/how-to/audit-structured-data/index.html,Singapore,1,2,0.5,0,4,0,0
/python/how-to/broken-link-checker/,Brazil,1,1,1,0,3,0,0
/python/how-to/broken-link-checker/,China,1,1,1,3,5,0,0
/python/how-to/broken-link-checker/,France,1,1,1,0,3,0,0
/python/how-to/broken-link-checker/,Germany,1,1,1,23,4,0,0
/python/how-to/broken-link-checker/,India,1,1,1,52,3,0,0
/python/how-to/broken-link-checker/,United States,1,1,1,13,2,0,0
/python/how-to/crawl-with-proxies/,Brazil,1,1,1,444,4,0,0
/python/how-to/crawl-with-proxies/,India,1,1,1,44,3,0,0
/python/how-to/crawl-with-proxies/,Türkiye,1,1,1,12,3,0,0
/python/how-to/download-images-bulk/,Greece,1,1,1,55,3,0,0
/python/how-to/download-images-bulk/,India,1,1,1,42,3,0,0
/python/how-to/download-images-bulk/,Israel,1,1,1,18,2,0,0
/python/how-to/download-images-bulk/index.html,China,1,1,1,0,3,0,0
/python/how-to/download-visualize-sitemap/,Australia,1,1,1,3,5,0,0
/python/how-to/download-visualize-sitemap/,Brazil,1,1,1,30,5,0,0
/python/how-to/download-visualize-sitemap/,Bulgaria,1,1,1,0,3,0,0
/python/how-to/download-visualize-sitemap/,China,1,1,1,0,3,0,0
/python/how-to/download-visualize-sitemap/,Denmark,1,1,1,7,4,0,0
/python/how-to/download-visualize-sitemap/,India,1,1,1,75,3,0,0
/python/how-to/download-visualize-sitemap/,Ireland,1,1,1,5,2,0,0
/python/how-to/download-visualize-sitemap/,Mexico,1,1,1,48,2,0,0
/python/how-to/download-visualize-sitemap/,Pakistan,1,1,1,38,4,0,0
/python/how-to/download-visualize-sitemap/,Russia,1,1,1,0,3,0,0
/python/how-to/download-visualize-sitemap/,Slovakia,1,1,1,31,5,0,0
/python/how-to/download-visualize-sitemap/,United Kingdom,1,1,1,0,3,0,0
/python/how-to/download-visualize-sitemap/,United States,1,1,1,88,5,0,0
/python/how-to/install-advertools/,Croatia,1,1,1,8,4,0,0
/python/how-to/install-advertools/,India,1,1,1,15,3,0,0
/python/how-to/install-advertools/,Indonesia,1,1,1,3,4,0,0
/python/how-to/install-advertools/,Vietnam,1,1,1,12,4,0,0
/python/how-to/xml-sitemap-status-codes/,Canada,1,1,1,10,5,0,0
/python/how-to/xml-sitemap-status-codes/,Iran,1,1,1,0,5,0,0
/python/how-to/xml-sitemap-status-codes/,Netherlands,1,1,1,9,4,0,0
/python/script/,Greece,1,1,1,5,4,0,0
/python/script/,Sweden,1,1,1,9,5,0,0
/python/seo/,India,1,1,1,25,5,0,0
/python/seo/,United Kingdom,1,1,1,10,5,0,0
/python/seo/,Vietnam,1,1,1,9,4,0,0
/python/tutorial/,Finland,1,1,1,7,3,0,0
/python/tutorial/,Japan,1,1,1,8,3,0,0
/python/tutorial/,Serbia,1,1,1,23,3,0,0
/python/tutorial/,Switzerland,1,1,1,21,4,0,0
/python/tutorial/,Türkiye,1,1,1,14,3,0,0
/python/tutorial/,Vietnam,1,1,1,9,3,0,0
/python/tutorial/advertools-v0.17.0-new-features/,Australia,1,1,1,14,5,0,0
/python/tutorial/advertools-v0.17.0-new-features/,Brazil,1,1,1,15,4,0,0
/python/tutorial/advertools-v0.17.0-new-features/,Canada,1,1,1,7,4,0,0
/python/tutorial/advertools-v0.17.0-new-features/,Finland,1,1,1,31,6,0,0
/python/tutorial/advertools-v0.17.0-new-features/,Germany,1,1,1,0,5,0,0
/python/tutorial/advertools-v0.17.0-new-features/,Ireland,1,1,1,2,4,0,0
/python/tutorial/advertools-v0.17.0-new-features/,Israel,1,1,1,3,4,0,0
/python/tutorial/advertools-v0.17.0-new-features/,Pakistan,1,1,1,0,3,0,0
/python/tutorial/advertools-v0.17.0-new-features/,Poland,1,0,0,0,2,0,0
/python/tutorial/advertools-v0.17.0-new-features/,United Arab Emirates,1,1,1,1,4,0,0
/python/tutorial/advertools-v0.17.0-new-features/,United Kingdom,1,1,1,4,4,0,0
/python/tutorial/crawling/,Brazil,1,1,1,5,5,0,0
/python/tutorial/crawling/,Finland,1,1,1,22,4,0,0
/python/tutorial/crawling/,France,1,1,1,0,1,0,0
/python/tutorial/crawling/,Greece,1,1,1,63,2,0,0
/python/tutorial/crawling/,Russia,1,1,1,9,3,0,0
/python/tutorial/running-python-scripts-uv/,Bulgaria,1,1,1,11,4,0,0
/python/tutorial/running-python-scripts-uv/,Colombia,1,1,1,25,5,0,0
/python/tutorial/running-python-scripts-uv/,Egypt,1,1,1,1,4,0,0
/python/tutorial/running-python-scripts-uv/,Finland,1,1,1,0,4,0,0
/python/tutorial/running-python-scripts-uv/,Hong Kong,1,1,1,0,3,0,0
/python/tutorial/running-python-scripts-uv/,Indonesia,1,1,1,0,5,0,0
/python/tutorial/running-python-scripts-uv/,Lithuania,1,1,1,0,3,0,0
/python/tutorial/running-python-scripts-uv/,Norway,1,1,1,0,3,0,0
/python/tutorial/running-python-scripts-uv/,Russia,1,1,1,0,4,0,0
/python/tutorial/running-python-scripts-uv/,Sri Lanka,1,1,1,8,5,0,0
/python/tutorial/running-python-scripts-uv/,Taiwan,1,1,1,16,4,0,0
/python/tutorial/running-python-scripts-uv/,Türkiye,1,1,1,2,4,0,0
/python/tutorial/running-python-scripts-uv/,Ukraine,1,1,1,49,5,0,0
/python/tutorial/running-python-scripts-uv/,Vietnam,1,1,1,0,6,0,0
/python/tutorial/setting-up-python/,Japan,1,1,1,43,3,0,0
/python/tutorial/setting-up-python/,Serbia,1,1,1,36,3,0,0
/python/tutorial/start-here/,Mexico,1,1,1,9,3,0,0
/python/tutorial/start-here/,Vietnam,1,1,1,60,4,0,0
/python/tutorial/start-here/index.html,(not set),1,1,1,3,5,0,0
/python/tutorial/text-partitioning/,China,1,1,1,0,3,0,0
/python/tutorial/text-partitioning/index.html,United States,1,1,1,2,4,0,0
/reverse-dns-lookup/,Algeria,1,1,1,0,6,0,0
/reverse-dns-lookup/,Austria,1,1,1,3,5,0,0
/reverse-dns-lookup/,Bangladesh,1,1,1,35,5,0,0
/reverse-dns-lookup/,Bulgaria,1,1,1,10,5,0,0
/reverse-dns-lookup/,Denmark,1,1,1,15,5,0,0
/reverse-dns-lookup/,Greece,1,1,1,1,2,0,0
/reverse-dns-lookup/,Hong Kong,1,1,1,0,4,0,0
/reverse-dns-lookup/,Indonesia,1,1,1,7,5,0,0
/reverse-dns-lookup/,Malaysia,1,1,1,41,5,0,0
/reverse-dns-lookup/,Philippines,1,1,1,6,5,0,0
/reverse-dns-lookup/,Puerto Rico,1,1,1,27,5,0,0
/reverse-dns-lookup/,Qatar,1,1,1,7,4,0,0
/reverse-dns-lookup/,Saudi Arabia,1,1,1,0,3,0,0
/reverse-dns-lookup/,Singapore,1,2,0.5,5.5,8,0,0
/reverse-dns-lookup/,Slovakia,1,1,1,13,3,0,0
/reverse-dns-lookup/,South Africa,1,1,1,1,6,0,0
/reverse-dns-lookup/,Spain,1,1,1,45,5,0,0
/reverse-dns-lookup/,Sri Lanka,1,1,1,0,3,0,0
/reverse-dns-lookup/,Taiwan,1,1,1,9,5,0,0
/reverse-dns-lookup/,Ukraine,1,1,1,15,3,0,0
/schema-generator/,Colombia,1,1,1,43,3,0,0
/schema-generator/,Finland,1,1,1,118,3,0,0
/schema-generator/,France,1,1,1,22,5,0,0
/schema-generator/,Greece,1,1,1,6,3,0,0
/schema-generator/,Ireland,1,1,1,8,3,0,0
/schema-generator/,Lithuania,1,1,1,1,3,0,0
/schema-generator/,Nepal,1,1,1,139,3,0,0
/schema-generator/,Netherlands,1,1,1,97,3,0,0
/schema-generator/,Portugal,1,1,1,21,3,0,0
/schema-generator/,Romania,1,1,1,8,5,0,0
/schema-generator/,San Marino,1,1,1,71,3,0,0
/schema-generator/,Singapore,1,3,0.3333333333,4.333333333,9,0,0
/schema-generator/,Slovakia,1,1,1,24,3,0,0
/schema-generator/,Spain,1,1,1,31,3,0,0
/schema-generator/,Ukraine,1,1,1,3,3,0,0
/schema-generator/,Vietnam,1,1,1,3,3,0,0
/seo-crawler/,Argentina,1,1,1,0,5,0,0
/seo-crawler/,Austria,1,1,1,28,3,0,0
/seo-crawler/,Finland,1,1,1,43,3,0,0
/seo-crawler/,Georgia,1,1,1,22,4,0,0
/seo-crawler/,Greece,1,1,1,22,3,0,0
/seo-crawler/,Hungary,1,1,1,55,5,0,0
/seo-crawler/,Israel,1,1,1,4,3,0,0
/seo-crawler/,Jamaica,1,1,1,61,4,0,0
/seo-crawler/,Lithuania,1,1,1,24,5,0,0
/seo-crawler/,Malaysia,1,1,1,39,3,0,0
/seo-crawler/,Mexico,1,1,1,26,3,0,0
/seo-crawler/,Nigeria,1,1,1,11,5,0,0
/seo-crawler/,Portugal,1,1,1,31,5,0,0
/seo-crawler/,Qatar,1,1,1,16,4,0,0
/seo-crawler/,San Marino,1,1,1,16,3,0,0
/seo-crawler/,Serbia,1,1,1,77,5,0,0
/seo-crawler/,United Arab Emirates,1,1,1,50,3,0,0
/seo-crawler/,Venezuela,1,1,1,44,5,0,0
/serp,China,1,1,1,12,5,0,0
/serp/,Austria,1,1,1,0,4,0,0
/serp/,Denmark,1,1,1,41,3,0,0
/serp/,Egypt,1,1,1,4,4,0,0
/serp/,Germany,1,1,1,10,3,0,0
/serp/,Indonesia,1,1,1,0,4,0,0
/serp/,Italy,1,1,1,31,3,0,0
/serp/,Japan,1,1,1,25,3,0,0
/serp/,Lithuania,1,1,1,3,3,0,0
/serp/,Nepal,1,1,1,34,3,0,0
/serp/,Poland,1,1,1,11,3,0,0
/serp/,Russia,1,1,1,27,3,0,0
/serp/,San Marino,1,1,1,9,3,0,0
/serp/,Serbia,1,1,1,11,3,0,0
/serp/,Spain,1,1,1,6,3,0,0
/serp/,Türkiye,1,1,1,10,3,0,0
/text-analysis/,China,1,1,1,0,3,0,0
/text-analysis/,Croatia,1,1,1,5,3,0,0
/text-analysis/,Czechia,1,1,1,2,3,0,0
/text-analysis/,Denmark,1,1,1,7,3,0,0
/text-analysis/,Greece,1,1,1,7,3,0,0
/text-analysis/,Mexico,1,1,1,19,3,0,0
/text-analysis/,Philippines,1,1,1,38,3,0,0
/text-analysis/,Poland,1,1,1,23,3,0,0
/text-analysis/,Portugal,1,1,1,22,3,0,0
/text-analysis/,Russia,1,1,1,41,3,0,0
/text-analysis/,Serbia,1,1,1,1,3,0,0
/text-analysis/,Slovakia,1,1,1,8,3,0,0
/text-analysis/,Slovenia,1,1,1,47,3,0,0
/urlytics,China,1,1,1,0,4,0,0
/urlytics/,Austria,1,1,1,10,3,0,0
/urlytics/,Brazil,1,1,1,0,4,0,0
/urlytics/,Canada,1,1,1,5,3,0,0
/urlytics/,Czechia,1,1,1,6,3,0,0
/urlytics/,Greece,1,1,1,4,3,0,0
/urlytics/,Hong Kong,1,1,1,8,3,0,0
/urlytics/,India,1,1,1,5,3,0,0
/urlytics/,Poland,1,1,1,1,5,0,0
/urlytics/,Russia,1,1,1,9,3,0,0
/urlytics/,Slovakia,1,1,1,0,2,0,0
/urlytics/,Sweden,1,1,1,2,3,0,0
/user-agent-parser,Singapore,1,2,0.5,10,5,0,0
/user-agent-parser/,Australia,1,1,1,0,4,0,0
/user-agent-parser/,Brazil,1,1,1,22,3,0,0
/user-agent-parser/,Bulgaria,1,1,1,7,5,0,0
/user-agent-parser/,Colombia,1,1,1,0,4,0,0
/user-agent-parser/,Greece,1,1,1,2,2,0,0
/user-agent-parser/,Kenya,1,1,1,36,5,0,0
/user-agent-parser/,Lithuania,1,1,1,11,3,0,0
/user-agent-parser/,Mexico,1,1,1,14,5,0,0
/user-agent-parser/,Netherlands,1,1,1,9,5,0,0
/user-agent-parser/,Taiwan,1,1,1,8,5,0,0
/user-agent-parser/,United Arab Emirates,1,1,1,695,5,0,0
/xml-sitemaps/,Argentina,1,1,1,7,3,0,0
/xml-sitemaps/,Austria,1,1,1,26,5,0,0
/xml-sitemaps/,Bangladesh,1,1,1,49,5,0,0
/xml-sitemaps/,Belarus,1,1,1,13,4,0,0
/xml-sitemaps/,Chile,1,1,1,32,5,0,0
/xml-sitemaps/,Costa Rica,1,1,1,110,5,0,0
/xml-sitemaps/,Estonia,1,1,1,49,5,0,0
/xml-sitemaps/,Georgia,1,1,1,5,4,0,0
/xml-sitemaps/,Indonesia,1,1,1,0,6,0,0
/xml-sitemaps/,Israel,1,1,1,5,3,0,0
/xml-sitemaps/,Japan,1,1,1,5,5,0,0
/xml-sitemaps/,Lebanon,1,1,1,49,5,0,0
/xml-sitemaps/,Lithuania,1,1,1,32,5,0,0
/xml-sitemaps/,Norway,1,1,1,25,4,0,0
/xml-sitemaps/,Saudi Arabia,1,1,1,19,4,0,0
/xml-sitemaps/,South Korea,1,1,1,0,6,0,0
/xml-sitemaps/,Sri Lanka,1,1,1,5,3,0,0
/,Morocco,0,1,0,0,1,0,0
/about.html,Singapore,0,2,0,0,2,0,0
/audience-manager,Singapore,0,1,0,16,1,0,0
/audience-manager/,Singapore,0,2,0,4.5,3,0,0
/bot-ips/,Singapore,0,1,0,4,2,0,0
/crawlytics/2f78ef7b58af4e64ffc45476,Singapore,0,2,0,9.5,2,0,0
/entity-extraction/,Singapore,0,3,0,3,6,0,0
/gsc-dashboard/,Singapore,0,1,0,2,2,0,0
/link-analysis/,Singapore,0,3,0,3.666666667,5,0,0
/llm-content-evaluation/,Singapore,0,1,0,4,2,0,0
/llm-crawl-eval/,Singapore,0,2,0,5.5,3,0,0
/posts/auditing-vs-analysis/index.html,Singapore,0,3,0,0,3,0,0
/posts/bodytext-xpath-selector/,Singapore,0,1,0,1,2,0,0
/posts/bodytext-xpath-selector/index.html,Singapore,0,2,0,0,2,0,0
/posts/bulk-prompting/index.html,Singapore,0,1,0,1,2,0,0
/posts/compare-crawls/index.html,Singapore,0,2,0,0.5,3,0,0
/posts/crawl-meta-parameter/index.html,Singapore,0,2,0,0.5,3,0,0
/posts/evergreen-crawling-xml-sitemaps/index.html,Singapore,0,4,0,0,4,0,0
/posts/external-links/index.html,Singapore,0,1,0,10,2,0,0
/posts/gsc-audit-analysis/slides/,Philippines,0,0,0,0,2,0,0
/posts/gsc-audit-analysis/slides/index.html,Singapore,0,2,0,1.5,4,0,0
/posts/llm-content-evaluation/index.html,Singapore,0,1,0,0,1,0,0
/posts/programming-vs-software-dev/index.html,Singapore,0,1,0,1,2,0,0
/posts/serp-analysis/index.html,Singapore,0,2,0,7,2,0,0
/posts/sitemap-request-headers/,Singapore,0,1,0,0,1,0,0
/posts/sitemap-request-headers/index.html,Singapore,0,2,0,0,2,0,0
/posts/word-co-occurrence-matrix/index.html,Singapore,0,2,0,1,4,0,0
/posts/work-using-code/index.html,Singapore,0,2,0,1,2,0,0
/python/,Singapore,0,2,0,0,2,0,0
/python/explanation/,Singapore,0,1,0,0,1,0,0
/python/explanation/crawl-file-structure/,Singapore,0,2,0,0,2,0,0
/python/explanation/crawl-file-structure/index.html,Singapore,0,2,0,0,2,0,0
/python/explanation/crawling-vs-scraping/index.html,Singapore,0,1,0,0,1,0,0
/python/how-to/,Singapore,0,3,0,0,3,0,0
/python/how-to/audit-robots-blocking-sitemap/index.html,Singapore,0,2,0,0.5,3,0,0
/python/how-to/audit-structured-data/,Singapore,0,1,0,2,2,0,0
/python/how-to/crawl-with-proxies/index.html,Singapore,0,2,0,0,2,0,0
/python/how-to/download-images-bulk/index.html,Singapore,0,1,0,0,1,0,0
/python/how-to/install-advertools/,Singapore,0,3,0,0,3,0,0
/python/how-to/xml-sitemap-status-codes/,Singapore,0,2,0,0,2,0,0
/python/script/,Singapore,0,2,0,0,2,0,0
/python/tutorial/,Singapore,0,1,0,0,1,0,0
/python/tutorial/advertools-v0.17.0-new-features/,Singapore,0,2,0,0,2,0,0
/python/tutorial/advertools-v0.17.0-new-features/index.html,Singapore,0,2,0,1,4,0,0
/python/tutorial/crawling/,Singapore,0,3,0,0.6666666667,3,0,0
/python/tutorial/running-python-scripts-uv/index.html,Singapore,0,1,0,0,1,0,0
/python/tutorial/setting-up-python/,Singapore,0,2,0,0,2,0,0
/python/tutorial/start-here/,Singapore,0,1,0,0,1,0,0
/python/tutorial/text-partitioning/,Singapore,0,1,0,1,1,0,0
/serp/,Singapore,0,2,0,5.5,4,0,0
/text-analysis/,Singapore,0,1,0,4,2,0,0
/urlytics,Singapore,0,1,0,24,1,0,0
/urlytics/,Singapore,0,2,0,4,3,0,0
/user-agent-parser/,Singapore,0,3,0,4,5,0,0
/xml-sitemaps,Singapore,0,1,0,5,1,0,0
/xml-sitemaps/,Jordan,0,0,0,0,2,0,0